{
    "providers": [
        {
            "type": "bitmap",
            "file": "minecraft:font/playerprefix.png",
            "ascent": 8,
            "height": 10,
            "chars": [
                    "\uE005"
                ]
        },
        {
            "type": "bitmap",
            "file": "minecraft:font/mediaprefix.png",
            "ascent": 6,
            "height": 7,
            "chars": [
                    "\uE004"
                ]
        },
        {
            "type": "bitmap",
            "file": "minecraft:font/moderprefix.png",
            "ascent": 6,
            "height": 7,
            "chars": [
                    "\uE003"
                ]
        },
        {
            "type": "bitmap",
            "file": "minecraft:font/devprefix.png",
            "ascent": 6,
            "height": 7,
            "chars": [
                    "\uE001"
                ]
        },
        {
            "type": "bitmap",
            "file": "minecraft:font/adminprefix.png",
            "ascent": 6,
            "height": 7,
            "chars": [
                    "\uE002"
                ]
        },
        {
            "type": "bitmap",
            "file": "minecraft:font/logo1.png",
            "ascent": 75,
            "height": 150,
            "chars": [
                    "\uE1FF"
                ]
        }
    ]
}